{"cameraMode":{"drawMode":0,"name":"Shaded","section":"Shading Mode"},"sceneLighting":true,"audioPlay":false,"sceneViewState":{"showFog":true,"showMaterialUpdate":false,"showSkybox":true,"showFlares":true,"showImageEffects":true,"showParticleSystems":true},"in2DMode":false,"pivot":{"x":-2.7734322547912599,"y":-3.87396240234375,"z":18.35234832763672},"rotation":{"x":0.20750007033348084,"y":-0.09374681860208512,"z":0.01998143084347248,"w":0.9735276699066162},"size":23.67157745361328,"orthographic":false}