{"cameraMode":{"drawMode":0,"name":"Shaded","section":"Shading Mode"},"sceneLighting":false,"audioPlay":false,"sceneViewState":{"showFog":true,"showMaterialUpdate":false,"showSkybox":false,"showFlares":true,"showImageEffects":true,"showParticleSystems":true},"in2DMode":false,"pivot":{"x":0.5399681329727173,"y":8.040120124816895,"z":-3.6008658409118654},"rotation":{"x":0.6028791069984436,"y":-0.0632462203502655,"z":0.0480300672352314,"w":0.793870210647583},"size":18.172348022460939,"orthographic":false}