{"cameraMode":{"drawMode":0,"name":"Shaded","section":"Shading Mode"},"sceneLighting":false,"audioPlay":false,"sceneViewState":{"showFog":true,"showMaterialUpdate":false,"showSkybox":false,"showFlares":true,"showImageEffects":true,"showParticleSystems":true},"in2DMode":false,"pivot":{"x":12.890000343322754,"y":12.60000228881836,"z":8.929998397827149},"rotation":{"x":0.6028791069984436,"y":-0.0632462203502655,"z":0.0480300672352314,"w":0.793870210647583},"size":43.718753814697269,"orthographic":false}