{"cameraMode":{"drawMode":0,"name":"Shaded","section":"Shading Mode"},"sceneLighting":true,"audioPlay":false,"sceneViewState":{"showFog":true,"showMaterialUpdate":false,"showSkybox":true,"showFlares":true,"showImageEffects":true,"showParticleSystems":true},"in2DMode":false,"pivot":{"x":13.12717056274414,"y":-9.044464111328125,"z":54.63270568847656},"rotation":{"x":-0.24956123530864716,"y":-0.14832717180252076,"z":0.03871426731348038,"w":-0.9561482667922974},"size":86.44196319580078,"orthographic":false}